City,Country,Lat,Lng,Max Temp,Humidity,Cloudiness,Wind Speed,Current Description
0,Aranos,NA,-24.1333,19.1167,73.08,11,0,11.77,clear sky
1,Puerto Ayora,EC,-0.7393,-90.3518,69.19,92,70,6.78,broken clouds
2,Kantang,TH,7.4054,99.5156,89.69,66,40,2.3,scattered clouds
3,Georgetown,MY,5.4112,100.3354,89.53,72,20,1.01,few clouds
4,Aklavik,CA,68.2191,-135.0107,29.23,88,98,8.12,overcast clouds
5,Hilo,US,19.7297,-155.09,84.27,91,75,0.0,broken clouds
6,Punta Arenas,CL,-53.15,-70.9167,42.91,61,0,8.05,clear sky
7,Saint George,US,37.1041,-113.5841,60.53,48,1,1.01,clear sky
8,Port Alfred,ZA,-33.5906,26.891,68.5,79,100,19.42,overcast clouds
9,Torbay,CA,47.6666,-52.7314,46.58,95,90,14.97,mist
10,Iqaluit,CA,63.7506,-68.5145,24.53,79,75,3.0,broken clouds
11,Kapaa,US,22.0752,-159.319,78.78,85,1,5.75,clear sky
12,Vaini,TO,-21.2,-175.2,75.36,88,20,6.91,few clouds
13,East London,ZA,-33.0153,27.9116,74.34,68,0,8.05,clear sky
14,Ulaanbaatar,MN,47.9077,106.8832,46.53,39,20,8.95,few clouds
15,Chernomorskiy,RU,44.8506,38.4936,55.47,56,23,5.5,few clouds
16,Atuona,PF,-9.8,-139.0333,78.67,72,1,19.71,clear sky
17,Narsaq,GL,60.9167,-46.05,25.02,62,100,7.63,overcast clouds
18,Mar Del Plata,AR,-38.0023,-57.5575,54.09,91,90,1.99,overcast clouds
19,Tiksi,RU,71.6872,128.8694,4.28,93,93,6.35,overcast clouds
20,Srednekolymsk,RU,67.45,153.6833,-12.55,98,81,4.16,broken clouds
21,Brae,GB,60.3964,-1.353,49.91,86,83,16.46,broken clouds
22,Ixtapa,MX,20.7,-105.2,72.97,93,20,3.13,few clouds
23,Kodiak,US,57.79,-152.4072,41.59,90,100,5.75,overcast clouds
24,Voi,KE,-3.3945,38.563,78.78,66,75,7.94,moderate rain
25,Pordenone,IT,45.95,12.65,51.84,90,95,4.56,overcast clouds
26,Magalia,US,39.8121,-121.5783,52.12,88,100,1.01,overcast clouds
27,Karabuk,TR,41.2049,32.6277,48.52,59,94,4.79,overcast clouds
28,Oranjemund,NA,-28.55,16.4333,63.99,62,65,10.02,broken clouds
29,Hasaki,JP,35.7333,140.8333,64.8,77,100,6.55,overcast clouds
30,Narasannapeta,IN,18.4167,84.05,83.89,70,46,12.62,scattered clouds
31,Haines Junction,CA,60.7522,-137.5108,19.35,86,99,1.14,overcast clouds
32,Faanui,PF,-16.4833,-151.75,79.36,74,63,15.7,broken clouds
33,Ushuaia,AR,-54.8,-68.3,51.46,37,0,3.44,clear sky
34,Liuzhou,CN,24.3126,109.3892,64.06,91,100,5.37,overcast clouds
35,Norman Wells,CA,65.282,-126.8329,10.44,85,40,3.44,scattered clouds
36,Saint-Philippe,RE,-21.3585,55.7679,80.19,75,15,10.31,few clouds
37,Mayo,US,38.8876,-76.5119,55.98,86,1,1.99,clear sky
38,San Patricio,US,28.017,-97.5169,75.04,67,0,7.0,clear sky
39,Rikitea,PF,-23.1203,-134.9692,72.99,73,99,14.2,overcast clouds
40,Lavrentiya,RU,65.5833,-171.0,11.68,75,100,9.66,overcast clouds
41,Ahipara,NZ,-35.1667,173.1667,55.74,73,0,9.13,clear sky
42,Nome,US,64.5011,-165.4064,12.27,85,20,0.0,few clouds
43,Jamestown,US,42.097,-79.2353,47.79,92,90,7.0,light rain
44,Tianpeng,CN,30.9866,103.9393,63.07,71,100,2.35,overcast clouds
45,Vilyuysk,RU,63.7553,121.6247,16.5,91,97,4.59,overcast clouds
46,Victoria,HK,22.2855,114.1577,82.26,71,7,1.99,clear sky
47,Bengkulu,ID,-3.8004,102.2655,81.34,79,99,7.45,overcast clouds
48,Mahebourg,MU,-20.4081,57.7,80.26,69,75,11.5,broken clouds
49,Sur,OM,22.5667,59.5289,87.49,44,0,17.27,clear sky
50,Mataura,NZ,-46.1927,168.8643,51.8,81,91,9.31,light rain
51,Port-Gentil,GA,-0.7193,8.7815,78.76,89,75,9.22,heavy intensity rain
52,Leh,IN,34.1667,77.5833,31.59,47,83,5.01,broken clouds
53,Alofi,NU,-19.0595,-169.9187,75.09,83,75,8.05,broken clouds
54,Puerto Escondido,MX,15.85,-97.0667,76.78,85,80,5.01,broken clouds
55,Saskylakh,RU,71.9167,114.0833,0.73,98,98,3.78,overcast clouds
56,Cabedelo,BR,-6.9811,-34.8339,75.87,79,100,10.85,overcast clouds
57,Albany,US,42.6001,-73.9662,52.81,83,0,9.66,clear sky
58,Sept-Iles,CA,50.2001,-66.3821,50.52,98,90,7.0,mist
59,Utiel,ES,39.5667,-1.2,60.03,72,100,15.37,overcast clouds
60,Namatanai,PG,-3.6667,152.4333,83.3,73,98,10.87,overcast clouds
61,Sioux Lookout,CA,50.1001,-91.917,32.38,93,90,9.22,light shower snow
62,Tuktoyaktuk,CA,69.4541,-133.0374,25.95,81,100,10.76,overcast clouds
63,Naze,JP,28.3667,129.4833,72.52,78,95,17.74,overcast clouds
64,Bom Jesus,BR,-9.0744,-44.3586,76.68,50,55,1.16,broken clouds
65,Bayir,TR,37.2687,28.2167,59.52,90,100,2.75,overcast clouds
66,Pevek,RU,69.7008,170.3133,4.46,95,100,6.96,light snow
67,Saint Anthony,US,45.0205,-93.218,38.35,70,90,1.01,overcast clouds
68,Nikolskoye,RU,59.7035,30.7861,49.39,92,100,3.98,overcast clouds
69,Lagoa,PT,39.05,-27.9833,68.81,88,100,8.1,overcast clouds
70,Karratha,AU,-20.7377,116.8463,79.59,49,0,16.75,clear sky
71,Qinhuangdao,CN,39.9317,119.5883,53.42,46,8,6.44,clear sky
72,Port Lincoln,AU,-34.7333,135.8667,70.29,46,0,10.2,clear sky
73,San Policarpo,PH,12.1791,125.5072,82.4,79,100,13.0,overcast clouds
74,San Cristobal,VE,7.7669,-72.225,65.95,98,100,2.01,overcast clouds
75,Pundaguitan,PH,6.3711,126.1689,83.61,74,100,16.67,overcast clouds
76,Broome,US,42.2506,-75.833,51.85,80,90,1.99,overcast clouds
77,Hobart,AU,-42.8794,147.3294,62.11,76,75,1.01,broken clouds
78,Grand-Lahou,CI,5.1367,-5.0242,77.2,90,99,7.14,light rain
79,Choma,ZM,-16.8065,26.9531,89.46,24,8,1.68,clear sky
80,Chuy,UY,-33.6971,-53.4616,63.1,98,100,6.49,overcast clouds
81,Cape Town,ZA,-33.9258,18.4232,63.12,76,75,5.99,moderate rain
82,Constantine,DZ,36.365,6.6147,65.61,68,40,10.36,scattered clouds
83,Carnarvon,AU,-24.8667,113.6333,73.47,53,0,14.97,clear sky
84,Salalah,OM,17.0151,54.0924,84.29,58,0,8.05,clear sky
85,New Norfolk,AU,-42.7826,147.0587,61.75,48,100,1.99,overcast clouds
86,Havoysund,NO,70.9963,24.6622,38.28,82,100,19.06,overcast clouds
87,Berdigestyakh,RU,62.0989,126.6992,13.8,95,99,3.02,overcast clouds
88,Luderitz,NA,-26.6481,15.1594,62.51,66,100,7.45,overcast clouds
89,Busselton,AU,-33.65,115.3333,58.05,49,22,21.32,few clouds
90,Marsa Matruh,EG,31.3525,27.2453,71.8,73,40,14.97,scattered clouds
91,Kavaratti,IN,10.5669,72.642,81.88,81,30,8.32,scattered clouds
92,Saint-Joseph,RE,-21.3667,55.6167,79.18,72,24,8.95,few clouds
93,Zhanaozen,KZ,43.3,52.8,56.21,30,100,18.32,overcast clouds
94,Golyshmanovo,RU,56.3979,68.3728,36.63,98,100,11.21,overcast clouds
95,Waipawa,NZ,-41.4122,175.5153,56.03,81,17,6.22,few clouds
96,Cabo San Lucas,MX,22.8909,-109.9124,77.5,79,40,3.0,scattered clouds
97,Esmeraldas,BR,-19.7625,-44.3139,67.06,98,100,3.24,overcast clouds
98,Terrace Bay,CA,48.7834,-87.1,35.22,82,97,15.75,light rain
99,Yellowknife,CA,62.456,-114.3525,31.41,100,40,10.36,scattered clouds
100,Terrell,US,32.736,-96.2753,58.51,48,4,6.87,clear sky
101,Hofn,IS,64.2539,-15.2082,39.27,61,100,28.1,overcast clouds
102,Vallenar,CL,-28.5708,-70.7581,57.74,70,0,1.92,clear sky
103,Lorengau,PG,-2.0226,147.2712,83.01,77,100,7.65,overcast clouds
104,Ostrovnoy,RU,68.0531,39.5131,30.94,84,100,15.57,overcast clouds
105,Zhanakorgan,KZ,43.9098,67.2495,54.25,38,0,7.7,clear sky
106,Pingzhuang,CN,42.0372,119.2889,48.16,45,73,1.59,broken clouds
107,Avarua,CK,-21.2078,-159.775,75.25,64,90,10.36,overcast clouds
108,Qaanaaq,GL,77.484,-69.3632,22.44,90,100,7.47,light snow
109,Hermanus,ZA,-34.4187,19.2345,64.8,65,9,19.82,clear sky
110,Akureyri,IS,65.6835,-18.0878,33.73,93,90,14.97,light snow
111,Umm Lajj,SA,25.0213,37.2685,89.51,40,100,9.53,overcast clouds
112,Abu Samrah,SY,35.3029,37.1841,70.25,51,100,8.19,overcast clouds
113,Bud,US,39.447,-86.1758,42.89,88,0,6.51,clear sky
114,Beyneu,KZ,45.3167,55.2,56.73,36,0,7.47,clear sky
115,Virginia Beach,US,36.8529,-75.978,61.02,84,1,0.0,clear sky
116,Urengoy,RU,65.9667,78.3667,-0.04,93,21,10.92,few clouds
117,Airai,TL,-8.9266,125.4092,72.09,62,100,2.84,overcast clouds
118,Allapalli,IN,19.4167,80.0667,85.51,48,16,4.21,few clouds
119,Saquena,PE,-4.6667,-73.5167,73.36,96,100,2.64,moderate rain
120,Raymond Terrace,AU,-32.75,151.75,72.21,60,0,11.5,clear sky
121,Okhotsk,RU,59.3833,143.3,11.05,70,20,9.13,few clouds
122,Maceio,BR,-9.6658,-35.7353,76.44,94,0,3.44,clear sky
123,Dutlwe,BW,-23.9833,23.9,82.18,25,0,15.61,clear sky
124,Kindu,CD,-2.95,25.95,69.84,100,100,0.98,heavy intensity rain
125,Yulara,AU,-25.2406,130.9889,84.04,39,40,26.46,scattered clouds
126,Sakata,JP,38.9167,139.855,62.78,72,75,5.75,broken clouds
127,Yeppoon,AU,-23.1333,150.7333,76.78,65,24,18.79,few clouds
128,Kavieng,PG,-2.5744,150.7967,84.79,69,100,13.67,overcast clouds
129,Nabire,ID,-3.3667,135.4833,80.44,85,100,4.21,light rain
130,Lebu,CL,-37.6167,-73.65,50.45,92,100,7.7,overcast clouds
131,Tasiilaq,GL,65.6145,-37.6368,23.16,57,1,4.72,clear sky
132,Dikson,RU,73.5069,80.5464,5.99,92,88,11.39,overcast clouds
133,Belaya Gora,RU,68.5333,146.4167,-8.14,100,100,2.1,overcast clouds
134,Cheremshanka,RU,56.1192,60.268,40.44,87,100,10.87,overcast clouds
135,Orange Walk,BZ,17.8333,-88.8333,67.98,96,46,1.9,scattered clouds
136,Conceicao Do Araguaia,BR,-8.2578,-49.2647,73.08,88,96,2.62,overcast clouds
137,Butaritari,KI,3.0707,172.7902,82.45,74,25,13.0,scattered clouds
138,Talaya,RU,61.3833,152.75,-14.31,98,20,2.84,few clouds
139,Sao Joao Da Barra,BR,-21.6403,-41.0511,70.43,93,100,16.93,overcast clouds
140,Lubango,AO,-14.9172,13.4925,73.26,16,20,11.5,few clouds
141,Churapcha,RU,62.0025,132.4325,12.52,97,100,2.53,overcast clouds
142,Bluff,NZ,-46.6,168.3333,51.91,79,100,21.85,overcast clouds
143,Borazjan,IR,29.2666,51.2159,79.93,27,6,4.61,clear sky
144,Opuwo,NA,-18.0607,13.84,77.23,16,5,3.65,clear sky
145,Shache,CN,38.4167,77.2406,60.01,15,0,10.29,clear sky
146,El Dorado,US,38.7666,-120.5177,56.68,95,100,1.99,overcast clouds
147,Drayton Valley,CA,53.2168,-114.9854,27.91,53,13,5.1,few clouds
148,Kununurra,AU,-15.7667,128.7333,98.58,32,96,5.75,overcast clouds
149,Marsh Harbour,BS,26.5412,-77.0636,75.88,64,68,3.94,broken clouds
150,Kenai,US,60.5544,-151.2583,43.03,86,90,4.61,overcast clouds
151,Sonoma,US,38.55,-122.9011,57.13,86,40,3.44,scattered clouds
152,Ilulissat,GL,69.2167,-51.1,32.02,86,75,12.66,light snow
153,Bambous Virieux,MU,-20.3428,57.7575,80.22,69,75,11.5,broken clouds
154,Black River,JM,18.0264,-77.8487,78.8,87,76,3.18,broken clouds
155,Esperance,AU,-33.8667,121.9,69.64,59,52,17.38,broken clouds
156,Comodoro Rivadavia,AR,-45.8667,-67.5,42.66,81,0,2.3,clear sky
157,Dwarka,IN,22.2394,68.9678,84.52,38,0,3.87,clear sky
158,Flinders,AU,-34.5833,150.8552,72.18,68,100,4.0,overcast clouds
159,Nanortalik,GL,60.1432,-45.2371,33.93,61,100,8.28,overcast clouds
160,Thunder Bay,CA,48.4001,-89.3168,36.55,91,40,8.05,scattered clouds
161,Kaitangata,NZ,-46.2817,169.8464,55.89,62,50,13.82,scattered clouds
162,Rundu,NA,-17.9333,19.7667,83.55,7,2,7.96,clear sky
163,Arraial Do Cabo,BR,-22.9661,-42.0278,69.76,94,90,12.66,moderate rain
164,Adolfo Lopez Mateos,MX,28.4667,-107.3,46.0,61,0,2.55,clear sky
165,San Andres,CO,12.5847,-81.7006,82.42,83,40,9.22,scattered clouds
166,Ambon,ID,-3.6954,128.1814,86.14,66,40,3.44,scattered clouds
167,Huarmey,PE,-10.0681,-78.1522,63.21,87,11,4.92,few clouds
168,Upernavik,GL,72.7868,-56.1549,26.92,96,100,2.62,light snow
169,Barrow,US,71.2906,-156.7887,24.82,80,90,13.8,overcast clouds
170,Krutinka,RU,56.0055,71.5113,35.87,99,100,13.87,light rain
171,Miri,MY,4.4148,114.0089,80.74,89,40,0.0,scattered clouds
172,Leningradskiy,RU,69.3833,178.4167,-0.51,86,100,11.68,overcast clouds
173,Kashin,RU,57.3592,37.6081,41.29,83,73,7.63,broken clouds
174,Ribeira Grande,PT,38.5167,-28.7,72.0,94,75,12.66,broken clouds
175,Laguna,US,38.421,-121.4238,60.01,87,1,0.0,clear sky
176,Belmonte,BR,-15.8631,-38.8828,77.5,87,68,7.87,broken clouds
177,Hami,CN,42.8,93.45,55.85,34,44,3.27,scattered clouds
178,Hohhot,CN,40.8106,111.6522,50.29,25,0,0.0,clear sky
179,Effium,NG,6.6292,8.0593,79.21,87,43,6.08,scattered clouds
180,Itaituba,BR,-4.2761,-55.9836,73.44,98,100,0.98,moderate rain
181,Cidreira,BR,-30.1811,-50.2056,66.92,91,11,17.0,few clouds
182,Miramar,US,25.9873,-80.2323,73.98,78,90,11.5,overcast clouds
183,Kingisepp,RU,59.3733,28.6134,44.08,91,70,4.47,broken clouds
184,Yinchuan,CN,38.4681,106.2731,51.66,32,100,1.95,light rain
185,Khatanga,RU,71.9667,102.5,5.47,95,100,11.5,light snow
186,Tutoia,BR,-2.7619,-42.2744,78.33,85,94,11.25,overcast clouds
187,Baykit,RU,61.67,96.37,22.71,90,100,6.35,light snow
188,Lasa,IT,46.6166,10.7002,48.94,99,100,3.94,overcast clouds
189,Kirkwood,US,38.5834,-90.4068,43.83,82,40,3.44,scattered clouds
190,Longyearbyen,SJ,78.2186,15.6401,35.44,69,40,12.66,scattered clouds
191,Chokurdakh,RU,70.6333,147.9167,-5.31,97,100,7.18,overcast clouds
192,Fuerte Olimpo,PY,-21.0415,-57.8738,79.21,61,85,5.08,overcast clouds
193,Trincomalee,LK,8.5711,81.2335,83.52,79,100,11.56,overcast clouds
194,Palauig,PH,15.435,119.9045,84.43,70,31,7.9,scattered clouds
195,Genhe,CN,50.7833,121.5167,36.79,29,74,6.67,broken clouds
196,Bredasdorp,ZA,-34.5322,20.0403,67.32,56,18,9.22,few clouds
197,Stokmarknes,NO,68.5646,14.9108,46.38,76,40,10.36,scattered clouds
198,Nemuro,JP,43.3236,145.575,46.83,76,100,18.43,overcast clouds
199,Tomatlan,MX,19.9333,-105.25,71.92,91,1,3.58,clear sky
200,La Orilla,MX,17.9833,-102.2333,76.1,87,96,4.14,overcast clouds
201,Huanren,CN,41.2647,125.3667,46.74,64,94,5.08,overcast clouds
202,Filadelfia,US,39.9523,-75.1638,53.02,87,1,1.99,clear sky
203,Kinlochleven,GB,56.7115,-4.9661,50.29,79,100,14.7,light rain
204,Broken Hill,AU,-31.95,141.4333,82.11,10,75,8.05,broken clouds
205,Klaksvik,FO,62.2266,-6.589,43.72,85,100,23.69,overcast clouds
206,Bang Saphan,TH,11.2126,99.5117,87.75,67,98,7.31,overcast clouds
207,Taltal,CL,-25.4,-70.4833,59.68,82,6,1.81,clear sky
208,Mackay,AU,-21.15,149.2,77.68,74,98,21.03,overcast clouds
209,Zyryanka,RU,65.75,150.85,-2.7,92,36,8.86,scattered clouds
210,Port Augusta,AU,-32.5,137.7667,86.7,16,100,3.38,overcast clouds
211,Thompson,CA,55.7435,-97.8558,26.76,74,75,10.36,broken clouds
212,Callaway,US,30.153,-85.5699,57.9,88,1,4.61,clear sky
213,Batsfjord,NO,70.6345,29.7185,35.6,86,75,18.41,broken clouds
214,Pacific Grove,US,36.6177,-121.9166,58.42,83,40,1.99,scattered clouds
215,Kruisfontein,ZA,-34.0033,24.7314,67.89,66,100,26.04,overcast clouds
216,College,US,64.8569,-147.8028,41.32,52,75,4.61,broken clouds
217,Havre-Saint-Pierre,CA,50.2334,-63.5986,52.39,100,90,12.66,overcast clouds
218,Mattru,SL,7.6244,-11.8332,71.04,96,100,0.81,overcast clouds
219,Yushu,CN,44.8,126.5333,45.14,52,45,1.45,scattered clouds
220,Killybegs,IE,54.6333,-8.45,45.45,74,100,24.94,overcast clouds
221,Rawlins,US,41.7911,-107.2387,32.43,96,90,3.44,light snow
222,Bethel,US,41.3712,-73.414,53.96,81,1,1.01,clear sky
223,Bambari,CF,5.768,20.6757,75.54,87,100,3.78,overcast clouds
224,Novovarshavka,RU,54.1721,74.6946,34.39,97,100,13.42,light rain
225,Tabou,CI,4.423,-7.3528,76.75,88,100,5.21,light rain
226,Pangnirtung,CA,66.1451,-65.7125,21.04,96,99,1.83,overcast clouds
227,Zabaykalsk,RU,49.6333,117.3167,39.16,39,94,14.05,overcast clouds
228,Chernyshevskiy,RU,63.0128,112.4714,18.07,83,100,3.85,overcast clouds
229,Lensk,RU,60.7253,114.9278,28.69,85,100,3.85,overcast clouds
230,Mweka,CD,-4.85,21.5667,75.65,82,100,3.11,overcast clouds
231,Portales,US,34.1862,-103.3344,45.1,79,0,9.17,clear sky
232,Vardo,NO,70.3705,31.1107,35.58,87,75,17.27,broken clouds
233,Hithadhoo,MV,-0.6,73.0833,82.9,74,90,18.99,overcast clouds
234,Venado Tuerto,AR,-33.7456,-61.9688,54.77,92,100,9.75,overcast clouds
235,Sao Geraldo Do Araguaia,BR,-6.4006,-48.555,74.37,86,100,2.82,overcast clouds
236,Ponta Do Sol,PT,32.6667,-17.1,70.72,74,12,2.37,few clouds
237,Candolim,IN,15.5181,73.7626,87.8,66,75,8.05,broken clouds
238,Yerbogachen,RU,61.2767,108.0108,27.86,95,100,6.22,light snow
239,Mount Isa,AU,-20.7333,139.5,94.77,31,99,4.61,overcast clouds
240,Outjo,NA,-20.1167,16.15,74.26,13,0,10.96,clear sky
241,Puerto Colombia,CO,10.9878,-74.9547,73.49,89,100,8.97,overcast clouds
242,Krasnogorsk,RU,55.8225,37.3181,41.18,93,90,8.95,mist
243,Severo-Kurilsk,RU,50.6789,156.125,35.11,59,76,19.37,broken clouds
244,Qaqortoq,GL,60.7167,-46.0333,25.3,62,100,6.82,overcast clouds
245,Bandarbeyla,SO,9.4942,50.8122,82.47,65,97,18.41,overcast clouds
246,Davila,PH,18.4726,120.5763,89.58,68,5,23.62,clear sky
247,Nantucket,US,41.2835,-70.0995,57.31,83,1,9.22,clear sky
248,Loandjili,CG,-4.7561,11.8578,80.71,78,90,9.22,light rain
249,Ukiah,US,39.1502,-123.2078,58.44,83,90,3.44,overcast clouds
250,Muros,ES,42.7762,-9.0603,58.84,96,13,10.6,few clouds
251,Ormara,PK,25.2088,64.6357,88.68,27,0,19.55,clear sky
252,Duminichi,RU,53.9345,35.1099,41.88,73,0,5.19,clear sky
253,Tromso,NO,69.6496,18.957,41.02,70,0,1.01,clear sky
254,Coxim,BR,-18.5067,-54.76,72.43,87,0,4.59,clear sky
255,Palmer,US,42.1584,-72.3287,53.2,72,1,8.05,clear sky
256,Barranca,PE,-10.75,-77.7667,62.1,88,18,4.97,few clouds
257,Rio Gallegos,AR,-51.6226,-69.2181,44.65,65,0,27.63,clear sky
258,Barrhead,GB,55.7992,-4.3929,49.53,82,90,5.99,overcast clouds
259,Katsuura,JP,35.1333,140.3,71.11,87,100,7.0,overcast clouds
260,Murindo,CO,6.9848,-76.7544,71.44,99,100,2.55,overcast clouds
261,Karatau,KZ,43.1667,70.4667,55.62,34,0,6.55,clear sky
262,Abalak,RU,58.1286,68.5944,26.11,86,100,9.48,overcast clouds
263,Znamenskoye,RU,57.1281,73.8282,26.74,94,100,6.73,snow
264,Provideniya,RU,64.3833,-173.3,11.75,76,52,6.55,broken clouds
265,Geraldton,AU,-28.7667,114.6,69.13,50,0,18.77,clear sky
266,Cienaga De Oro,CO,8.8744,-75.6203,72.54,98,100,4.72,overcast clouds
267,Isangel,VU,-19.55,169.2667,73.56,65,4,13.65,clear sky
268,Ganta,LR,7.3022,-8.5308,67.78,99,100,1.45,overcast clouds
269,Koshurnikovo,RU,54.1667,93.3,29.59,63,100,10.16,overcast clouds
270,Sitka,US,57.0531,-135.33,49.89,40,1,11.5,clear sky
271,Korla,CN,41.7597,86.1469,55.9,20,63,2.64,broken clouds
272,Ligayan,PH,4.6533,119.4706,83.14,74,54,4.79,broken clouds
273,Avera,US,33.194,-82.5271,52.72,85,0,5.82,clear sky
274,Sao Filipe,CV,14.8961,-24.4956,79.21,76,100,11.99,overcast clouds
275,Ust-Ishim,RU,57.6935,71.1665,27.45,90,100,6.96,light snow
276,Wuan,CN,31.6836,112.0044,68.16,47,100,7.76,overcast clouds
277,Eganville,CA,45.5334,-77.0994,42.51,77,100,13.98,overcast clouds
278,Mocuba,MZ,-16.8392,36.9856,92.26,46,21,2.33,few clouds
279,Kyren,RU,51.6828,102.1408,42.98,54,100,4.9,overcast clouds
280,Codrington,AU,-38.2667,141.9667,59.05,73,0,12.5,clear sky
281,Santa Marta,CO,11.2408,-74.199,74.34,85,94,5.35,overcast clouds
282,Kurilsk,RU,45.2333,147.8833,40.78,70,88,11.97,overcast clouds
283,Paamiut,GL,61.994,-49.6678,30.92,63,99,11.12,overcast clouds
284,Paita,PE,-5.0892,-81.1144,64.29,80,12,7.67,few clouds
285,Zhuhai,CN,22.2769,113.5678,84.85,73,20,3.44,few clouds
286,Southbridge,US,42.0751,-72.0334,52.16,84,0,1.01,clear sky
287,Morant Bay,JM,17.8815,-76.4093,80.22,84,19,5.26,few clouds
288,King City,US,36.2127,-121.126,58.08,71,100,1.61,overcast clouds
289,Sandnessjoen,NO,66.0217,12.6316,48.18,66,75,9.22,broken clouds
290,Port Elizabeth,ZA,-33.918,25.5701,70.11,77,20,25.32,few clouds
291,Axim,GH,4.8699,-2.2405,78.69,84,98,9.95,overcast clouds
292,Gallup,US,35.5281,-108.7426,43.02,52,1,4.61,clear sky
293,Flin Flon,CA,54.7682,-101.865,28.71,93,97,4.9,overcast clouds
294,Chelno-Vershiny,RU,54.4333,51.1,44.83,69,19,12.84,few clouds
295,Sahawar,IN,27.8,78.85,80.83,32,0,4.21,clear sky
296,Caravelas,BR,-17.7125,-39.2481,74.08,85,100,8.43,overcast clouds
297,Dongsheng,CN,39.8161,109.9776,49.86,37,43,12.35,scattered clouds
298,Poum,NC,-20.2333,164.0167,75.51,73,28,27.02,scattered clouds
299,Chicago,US,41.85,-87.65,39.38,69,1,5.01,clear sky
300,Richards Bay,ZA,-28.783,32.0377,76.55,62,0,9.84,clear sky
301,Namibe,AO,-15.1961,12.1522,66.83,82,75,0.0,broken clouds
302,Bangkalan,ID,-7.0455,112.7351,87.75,70,100,7.07,light rain
303,Kloulklubed,PW,7.0419,134.2556,86.5,66,100,5.14,overcast clouds
304,Jiuquan,CN,39.7432,98.5174,53.71,18,100,16.78,overcast clouds
305,Cairns,AU,-16.9167,145.7667,87.06,65,25,17.27,scattered clouds
306,Campo Verde,BR,-20.4167,-54.0667,70.81,98,26,6.17,scattered clouds
307,Jiaozuo,CN,35.2397,113.2331,62.96,46,100,5.46,overcast clouds
308,Reyes,BO,-14.3167,-67.3833,75.4,68,53,2.68,broken clouds
309,Kharp,RU,66.8014,65.8081,11.55,88,20,9.98,few clouds
310,Andenes,NO,69.3143,16.1194,42.78,81,20,13.8,few clouds
311,Ancud,CL,-41.8697,-73.8203,49.53,91,38,11.95,scattered clouds
312,Les Cayes,HT,18.2,-73.75,75.9,86,5,4.76,clear sky
313,Bowen,AU,-20.0167,148.2333,79.02,73,11,22.5,few clouds
314,Maputo,MZ,-25.9653,32.5892,77.23,67,20,3.0,few clouds
315,Grand Gaube,MU,-20.0064,57.6608,80.38,65,5,10.0,clear sky
316,Udachnyy,RU,66.4167,112.4,2.37,89,23,7.2,few clouds
317,Zhangye,CN,38.9342,100.4517,53.28,21,31,12.73,scattered clouds
318,Castro,BR,-24.7911,-50.0119,57.81,98,100,5.68,overcast clouds
319,Kushiro,JP,42.975,144.3747,49.15,81,75,10.36,broken clouds
320,Beringovskiy,RU,63.05,179.3167,3.22,90,83,12.73,broken clouds
321,Uvat,RU,59.1433,68.8953,20.53,82,100,10.96,overcast clouds
322,Toribio,CO,2.9548,-76.2684,60.26,97,100,1.36,overcast clouds
323,Wukari,NG,7.85,9.7833,82.6,70,47,9.01,scattered clouds
324,Necochea,AR,-38.5473,-58.7368,50.04,83,100,8.21,overcast clouds
325,Pisco,PE,-13.7,-76.2167,57.25,88,0,2.3,clear sky
326,Maralal,KE,1.0968,36.698,71.11,46,39,12.15,scattered clouds
327,Emba,KZ,48.8264,58.1442,52.29,44,3,15.59,clear sky
328,Naro-Fominsk,RU,55.3875,36.7331,41.22,68,1,6.82,clear sky
329,Coquimbo,CL,-29.9533,-71.3436,55.13,94,90,2.3,overcast clouds
330,Debre Birhan,ET,9.6833,39.5333,57.29,63,74,9.24,broken clouds
331,Mount Gambier,AU,-37.8333,140.7667,67.91,52,0,12.66,clear sky
332,Visnes,NO,59.3556,5.2242,53.82,81,90,24.16,overcast clouds
333,Bridgetown,BB,13.1,-59.6167,72.09,88,75,8.05,broken clouds
334,Clyde River,CA,70.4692,-68.5914,20.98,95,100,2.75,light snow
335,Buraydah,SA,26.326,43.975,81.05,17,18,10.63,few clouds
336,Bilimbay,RU,56.9689,59.8149,41.94,89,100,9.01,overcast clouds
337,Te Anau,NZ,-45.4167,167.7167,47.46,93,100,5.91,overcast clouds
338,Fairbanks,US,64.8378,-147.7164,41.34,52,1,6.91,clear sky
339,Benghazi,LY,32.1167,20.0667,69.85,67,91,12.19,overcast clouds
340,Pamplona,ES,42.8169,-1.6432,53.47,88,75,8.05,broken clouds
341,Rabat,MA,33.9911,-6.8401,68.07,85,75,6.91,broken clouds
342,Palimbang,PH,6.2106,124.1894,81.97,82,98,2.21,light rain
343,Margate,GB,51.3813,1.3862,50.31,78,6,1.99,clear sky
344,Asau,RO,46.4333,26.4,46.96,60,4,5.66,clear sky
345,Port Blair,IN,11.6667,92.75,84.2,72,35,9.93,scattered clouds
346,Shubarshi,KZ,48.5872,57.1869,53.01,41,6,13.42,clear sky
347,Cherskiy,RU,68.75,161.3,-5.73,100,100,4.88,overcast clouds
348,Portland,US,45.5234,-122.6762,53.55,51,1,1.99,clear sky
349,Fallon,US,39.4735,-118.7774,54.45,70,1,3.44,clear sky
350,Samarai,PG,-10.6167,150.6667,82.6,78,88,14.88,overcast clouds
351,Campoverde,PE,-8.4753,-74.8058,73.56,85,43,1.61,scattered clouds
352,Oktyabrskoye,RU,43.0645,44.7417,42.94,87,90,2.24,mist
353,Guerrero Negro,MX,27.9769,-114.0611,62.19,88,0,8.34,clear sky
354,Cayenne,GF,4.9333,-52.3333,81.09,84,20,3.0,few clouds
355,Anadyr,RU,64.75,177.4833,-12.5,75,0,11.01,clear sky
356,Vila Velha,BR,-20.3297,-40.2925,69.75,100,90,2.3,moderate rain
357,Acarau,BR,-2.8856,-40.12,79.29,81,88,13.87,overcast clouds
358,Talnakh,RU,69.4865,88.3972,-9.06,97,72,6.26,broken clouds
359,Sinnamary,GF,5.3833,-52.95,77.99,85,65,7.02,broken clouds
360,Pueblo,US,38.2545,-104.6091,41.95,73,1,6.91,clear sky
361,Vila Franca Do Campo,PT,37.7167,-25.4333,73.2,94,85,6.11,overcast clouds
362,Chepareria,KE,1.3077,35.2039,75.67,44,100,5.82,overcast clouds
363,Spearfish,US,44.4908,-103.8594,32.22,66,90,3.44,overcast clouds
364,Smithers,CA,54.7804,-127.1743,26.92,80,1,5.75,clear sky
365,Hokitika,NZ,-42.7167,170.9667,53.76,84,86,10.87,overcast clouds
366,Yumen,CN,40.2833,97.2,51.35,22,100,19.53,overcast clouds
367,Puerto El Triunfo,SV,13.2833,-88.55,75.36,92,98,4.03,overcast clouds
368,Gat,IL,31.61,34.7642,79.81,33,100,3.94,overcast clouds
369,Komsomolskiy,UZ,40.4272,71.7189,57.92,38,3,4.61,clear sky
370,Bilibino,RU,68.0546,166.4372,-21.03,100,100,0.85,overcast clouds
371,Hibbing,US,47.4272,-92.9377,33.4,69,90,9.22,overcast clouds
372,Sfantu Gheorghe,RO,45.8667,25.7833,50.58,54,2,2.1,clear sky
373,Oktyabrskiy,RU,54.4815,53.471,47.46,63,69,12.26,broken clouds
374,Porto Santo,PT,33.072,-16.3415,70.18,83,20,9.22,few clouds
375,Nuevo Progreso,MX,23.1667,-97.95,76.59,78,100,3.78,overcast clouds
376,Livingstone,ZM,-17.8419,25.8543,95.14,23,27,6.42,scattered clouds
377,Surgut,RU,61.25,73.4167,6.98,92,0,6.71,clear sky
378,Thaton,MM,16.9206,97.3714,86.29,71,82,4.32,broken clouds
379,Sorland,NO,67.667,12.6934,48.06,76,40,19.57,scattered clouds
380,Tautira,PF,-17.7333,-149.15,78.82,81,65,17.29,light rain
381,Bestobe,KZ,52.4994,73.0975,42.8,83,100,18.52,overcast clouds
382,Ak-Dovurak,RU,51.1833,90.6,39.36,27,92,3.22,overcast clouds
383,Plettenberg Bay,ZA,-34.0527,23.3716,64.09,71,100,10.83,overcast clouds
384,Tres Arroyos,AR,-38.3739,-60.2798,50.27,81,100,4.85,overcast clouds
385,Coahuayana,MX,18.7333,-103.6833,74.3,89,78,3.13,broken clouds
386,Priargunsk,RU,50.3691,119.1012,35.91,41,74,8.1,broken clouds
387,Hobyo,SO,5.3505,48.5268,84.69,62,17,15.55,few clouds
388,Atherton,GB,53.5237,-2.4935,49.89,84,100,11.01,light rain
389,Verkhnevilyuysk,RU,63.4453,120.3167,17.26,91,100,4.14,overcast clouds
390,Makakilo City,US,21.3469,-158.0858,75.56,80,40,3.44,light rain
391,Bambanglipuro,ID,-7.95,110.2833,80.89,81,100,8.25,moderate rain
392,Kamennomostskoye,RU,43.7372,43.0514,49.08,53,93,4.59,overcast clouds
393,Valparaiso,CL,-33.0393,-71.6273,55.04,87,75,3.44,broken clouds
394,Lewisville,US,33.0462,-96.9942,61.03,78,1,6.91,clear sky
395,Zaysan,KZ,47.4667,84.8667,39.69,81,100,3.71,overcast clouds
396,Itaqui,BR,-29.1253,-56.5531,68.85,80,83,6.78,broken clouds
397,Nelson Bay,AU,-32.7167,152.15,70.29,67,100,3.0,overcast clouds
398,Bathsheba,BB,13.2167,-59.5167,72.21,88,75,8.05,broken clouds
399,Darhan,MN,49.4867,105.9228,44.02,45,100,9.6,overcast clouds
400,Karpathos,GR,35.507,27.2132,67.96,73,75,13.8,broken clouds
401,Waingapu,ID,-9.6567,120.2641,84.88,68,94,4.25,overcast clouds
402,Talara,PE,-4.5772,-81.2719,64.69,82,27,11.63,scattered clouds
403,Polson,US,47.6936,-114.1632,27.72,79,0,2.15,clear sky
404,Vanavara,RU,60.34,102.2797,31.39,95,100,9.24,light snow
405,Salinopolis,BR,-0.6136,-47.3561,78.51,86,99,9.42,overcast clouds
406,Gogrial,SS,8.5332,28.1004,94.35,37,96,1.95,overcast clouds
407,Westport,US,41.1415,-73.3579,55.98,87,1,5.01,clear sky
408,Sanjwal,PK,33.7608,72.4336,74.95,21,32,7.11,scattered clouds
409,Concepcion,CL,-36.827,-73.0498,53.4,87,75,9.22,broken clouds
410,San Carlos De Bariloche,AR,-41.1456,-71.3082,39.78,81,59,1.9,broken clouds
411,Kuching,MY,1.55,110.3333,89.82,62,40,5.75,scattered clouds
412,Los Llanos De Aridane,ES,28.6585,-17.9182,67.12,80,40,9.22,volcanic ash
413,Ibi,ES,38.6253,-0.5723,68.85,67,100,18.68,overcast clouds
414,Poronaysk,RU,49.2167,143.1167,30.47,49,0,1.79,clear sky
415,Maumere,ID,-8.6199,122.2111,84.25,73,59,1.05,broken clouds
416,Cabo Rojo,PR,18.0866,-67.1457,76.95,87,3,1.99,clear sky
417,Yar-Sale,RU,66.8333,70.8333,11.17,95,100,4.36,light snow
418,Flagstaff,US,35.1981,-111.6513,49.41,62,1,4.0,clear sky
419,Tuatapere,NZ,-46.1333,167.6833,50.16,90,99,10.2,light rain
420,Hovd,MN,48.0056,91.6419,39.54,17,94,13.69,overcast clouds
421,Lapeer,US,43.0514,-83.3188,41.25,75,1,4.61,clear sky
422,Canton,CN,23.1167,113.25,84.99,60,100,7.25,overcast clouds
423,Macusani,PE,-14.0833,-70.4333,38.82,87,100,1.52,overcast clouds
424,Belize,BZ,17.25,-88.75,80.24,98,61,0.81,broken clouds
425,Mitsamiouli,KM,-11.3847,43.2844,86.29,70,20,14.97,few clouds
426,Suntar,RU,62.1444,117.6319,20.8,92,100,3.69,overcast clouds
427,Hope,US,33.6671,-93.5916,56.98,79,0,5.97,clear sky
428,Shieli,KZ,44.1667,66.75,56.7,39,0,10.96,clear sky
429,Havelock,US,34.8791,-76.9013,59.94,90,0,7.56,clear sky
430,Camacupa,AO,-12.0167,17.4833,75.24,59,100,0.25,overcast clouds
431,Quatre Cocos,MU,-20.2078,57.7625,80.1,66,18,10.27,few clouds
432,Yeniseysk,RU,58.4497,92.1703,20.86,62,100,10.38,overcast clouds
433,Shimoda,JP,34.6667,138.95,68.36,82,87,7.14,overcast clouds
434,Kerrville,US,30.0474,-99.1403,62.94,87,1,0.0,clear sky
435,Vila,PT,42.0304,-8.1588,47.93,95,90,3.71,overcast clouds
436,Ugoofaaru,MV,5.6667,73.0,80.35,80,100,14.45,heavy intensity rain
437,Vanimo,PG,-2.6741,141.3028,75.61,94,100,5.61,moderate rain
438,Paldiski,EE,59.3567,24.0531,50.86,93,20,8.05,few clouds
439,Bose,IT,45.4612,8.0137,49.21,97,100,1.52,moderate rain
440,Klobuck,PL,50.9008,18.9367,55.26,50,0,9.1,clear sky
441,Afonso Claudio,BR,-20.0742,-41.1239,67.48,99,100,2.68,overcast clouds
442,Mathathane,BW,-22.2687,28.7495,81.54,42,0,11.99,clear sky
443,Dudinka,RU,69.4058,86.1778,-9.44,99,81,6.22,broken clouds
444,Mezen,RU,65.8522,44.24,17.87,90,54,8.3,broken clouds
445,Fohnsdorf,AT,47.2183,14.6819,42.55,93,20,4.61,few clouds
446,Yanam,IN,16.7333,82.2167,90.0,66,100,9.53,light rain
447,Madang,PG,-5.2246,145.7966,77.52,90,100,6.96,overcast clouds
448,Baruun-Urt,MN,46.6806,113.2792,40.33,35,80,14.05,broken clouds
449,Denia,ES,38.8408,0.1057,77.47,60,100,7.0,overcast clouds
450,Jutai,BR,-5.1833,-68.9,71.35,95,100,0.87,overcast clouds
451,Lahaina,US,20.8783,-156.6825,77.0,88,53,1.92,broken clouds
452,Macklin,CA,52.3334,-109.9348,18.73,63,0,2.21,clear sky
453,Coihaique,CL,-45.5752,-72.0662,40.95,81,0,0.0,clear sky
454,Lamu,KE,-2.2717,40.902,84.42,70,88,12.82,overcast clouds
455,Inuvik,CA,68.3499,-133.7218,29.41,74,75,6.91,broken clouds
456,Mapiripan,CO,2.8892,-72.1256,71.65,98,100,4.14,overcast clouds
457,Fukue,JP,32.6881,128.8419,68.36,60,40,13.8,scattered clouds
458,Inhambane,MZ,-23.865,35.3833,80.58,65,40,6.91,scattered clouds
459,Angoche,MZ,-16.2325,39.9086,89.53,52,1,12.95,clear sky
460,Nara,JP,34.6851,135.8049,73.49,37,98,2.15,overcast clouds
461,Bloemfontein,ZA,-29.1211,26.214,76.48,31,0,10.36,clear sky
462,Nexo,DK,55.0607,15.1306,51.89,82,99,21.34,overcast clouds
463,Sibolga,ID,1.7427,98.7792,84.63,71,96,5.59,overcast clouds
464,Tazovskiy,RU,67.4667,78.7,-2.45,95,32,9.28,scattered clouds
465,Delmenhorst,DE,53.05,8.6167,49.87,87,20,11.5,few clouds
466,Olafsvik,IS,64.8945,-23.7142,33.13,68,63,17.16,broken clouds
467,Moratuwa,LK,6.773,79.8816,82.42,77,100,13.13,light rain
468,Whitianga,NZ,-36.8333,175.7,56.01,73,63,6.69,broken clouds
469,Imeni Poliny Osipenko,RU,52.4201,136.4853,28.49,56,18,6.76,few clouds
470,Chilliwack,CA,49.1747,-121.9443,48.72,65,0,8.05,clear sky
471,Valenca Do Piaui,BR,-6.4075,-41.7456,75.13,66,98,3.04,overcast clouds
472,Grindavik,IS,63.8424,-22.4338,34.27,75,40,25.32,scattered clouds
473,Bad Bevensen,DE,53.0833,10.5833,53.17,72,100,9.33,overcast clouds
474,Liverpool,GB,53.4106,-2.9779,50.29,82,75,5.99,light rain
475,Bogovarovo,RU,58.9785,47.0246,42.39,83,85,5.66,overcast clouds
476,Buala,SB,-8.145,159.5921,79.5,84,100,7.58,moderate rain
477,Vaitape,PF,-16.5167,-151.75,79.25,74,45,16.22,scattered clouds
478,Kangasala,FI,61.4638,24.076,46.85,92,95,6.6,overcast clouds
479,Ankang,CN,32.68,109.0172,55.65,82,100,2.37,overcast clouds
480,Pochutla,MX,15.7432,-96.4661,72.82,90,25,3.62,scattered clouds
481,Karlstad,SE,59.3793,13.5036,50.56,100,75,10.36,moderate rain
482,Alice Springs,AU,-23.7,133.8833,89.15,31,75,5.75,broken clouds
483,Jataizinho,BR,-23.2542,-50.98,64.98,100,0,2.3,clear sky
484,Okato,NZ,-39.2,173.8833,52.68,80,28,7.65,scattered clouds
485,Ayan,RU,56.45,138.1667,29.14,48,100,3.78,overcast clouds
486,Finschhafen,PG,-6.6024,147.8681,78.03,83,100,7.94,moderate rain
487,Pandan,PH,14.0453,124.1694,82.15,69,35,12.55,scattered clouds
488,Dunedin,NZ,-45.8742,170.5036,56.8,74,7,15.86,clear sky
489,Osakarovka,KZ,50.565,72.5692,38.41,83,100,18.86,overcast clouds
490,Paramonga,PE,-10.6667,-77.8333,62.8,88,39,7.2,scattered clouds
491,Russell,US,32.3502,-85.1999,51.4,90,1,0.0,mist
492,Rio Do Sul,BR,-27.2142,-49.6431,65.39,93,100,1.68,overcast clouds
493,Fort Nelson,CA,58.8053,-122.7002,15.39,86,1,0.0,clear sky
494,Imbituba,BR,-28.24,-48.6703,69.69,95,55,7.38,broken clouds
495,Fortuna,US,40.5982,-124.1573,61.92,62,90,1.99,overcast clouds
496,Scicli,IT,36.7902,14.7014,63.95,89,95,3.38,overcast clouds
497,Anchorage,US,61.2181,-149.9003,44.31,84,75,3.0,broken clouds
498,Safidon,IN,29.4167,76.6667,82.53,28,0,8.37,clear sky
499,Rudnogorsk,RU,57.2639,103.7519,35.87,69,100,10.36,overcast clouds
500,Waitati,NZ,-45.75,170.5667,56.8,74,31,8.93,scattered clouds
501,Zeitz,DE,51.05,12.15,55.27,78,100,12.62,overcast clouds
502,Ryotsu,JP,38.0833,138.4333,62.56,79,100,5.17,overcast clouds
503,Henties Bay,NA,-22.116,14.2845,63.86,72,2,12.66,clear sky
504,Banda Aceh,ID,5.5577,95.3222,82.98,75,82,3.6,broken clouds
505,Soure,BR,-0.7167,-48.5233,79.34,83,97,8.9,overcast clouds
506,Eseka,CM,3.65,10.7667,76.23,87,100,3.65,overcast clouds
507,Wanning,CN,18.8003,110.3967,79.09,86,44,9.13,scattered clouds
508,Banska Bystrica,SK,48.5,19.5,46.98,67,0,4.5,clear sky
509,Nola,IT,40.922,14.5329,65.55,90,98,3.0,light rain
510,Bouna,CI,9.2667,-3.0,76.55,76,95,9.48,overcast clouds
511,Abu Kamal,SY,34.4506,40.9171,80.58,33,87,10.31,overcast clouds
512,Saldanha,ZA,-33.0117,17.9442,60.85,87,99,32.61,moderate rain
513,Elban,RU,50.1018,136.5094,32.61,56,6,5.12,clear sky
514,Loreto,MX,22.2667,-101.9667,58.69,62,73,1.66,broken clouds
515,Villazon,BO,-22.0866,-65.5942,45.84,88,1,6.42,clear sky
516,Makurdi,NG,7.7411,8.5121,81.88,73,16,5.28,few clouds
517,Hwange,ZW,-18.3693,26.5019,95.27,21,3,8.16,clear sky
518,Mahbubabad,IN,17.6167,80.0167,84.29,54,80,5.95,broken clouds
519,Kisangani,CD,0.5167,25.2,69.8,98,100,2.3,overcast clouds
520,Tsumeb,NA,-19.2333,17.7167,80.15,11,0,8.01,clear sky
521,Sobolevo,RU,54.4299,31.8996,44.24,63,0,8.48,clear sky
522,Vincennes,FR,48.85,2.4333,48.88,90,20,1.99,few clouds
523,Shalinskoye,RU,55.7228,93.7594,26.53,60,100,15.99,overcast clouds
524,Siniscola,IT,40.5719,9.6922,60.35,83,100,4.36,overcast clouds
525,La Rioja,ES,42.25,-2.5,49.05,95,100,3.89,overcast clouds
526,Evensk,RU,61.95,159.2333,-1.98,76,10,8.57,clear sky
527,San Juan,AR,-31.5375,-68.5364,55.56,71,98,6.73,overcast clouds
528,Erode,IN,11.35,77.7333,75.63,92,100,3.33,overcast clouds
529,Neiafu,TO,-18.65,-173.9833,77.79,82,98,13.8,overcast clouds
530,Sawtell,AU,-30.3833,153.1,68.32,70,100,10.36,overcast clouds
531,Wad Rawah,SD,15.1603,33.1397,97.59,23,97,14.5,overcast clouds
532,Gizo,SB,-8.103,156.8419,82.09,77,100,11.83,moderate rain
533,Wajima,JP,37.4,136.9,63.28,88,75,3.44,broken clouds
534,Lata,PT,40.1629,-8.3327,57.92,92,84,3.18,broken clouds
535,Voh,NC,-20.9667,164.7,71.8,75,59,12.73,broken clouds
536,Fare,PF,-16.7,-151.0167,79.23,74,83,13.56,broken clouds
537,Dolores,AR,-36.3132,-57.6792,52.2,94,100,8.99,light rain
538,Kidal,ML,18.4411,1.4078,86.47,14,50,15.39,scattered clouds
539,Winnemucca,US,40.973,-117.7357,44.65,81,1,5.75,clear sky
540,Adrasmon,TJ,40.6472,69.9856,43.72,42,8,3.15,clear sky
541,Gerash,IR,27.6652,54.1371,82.54,14,0,5.39,clear sky
542,Tessalit,ML,20.1986,1.0114,86.79,14,6,15.05,clear sky
543,Brownwood,US,31.7093,-98.9912,62.37,82,20,0.0,few clouds
544,Amapa,BR,1.0,-52.0,70.77,100,100,1.88,overcast clouds
545,Encantado,BR,-29.2361,-51.8697,66.29,98,13,3.11,few clouds
546,Navlya,RU,52.8281,34.4989,37.54,57,0,5.48,clear sky
547,Padang,ID,-0.9492,100.3543,87.85,82,100,5.1,overcast clouds
548,Bururi,BI,-3.85,29.6333,69.15,64,100,2.68,light rain
549,Lebyazhye,RU,55.2689,66.4947,41.49,90,100,12.15,overcast clouds
550,Newport,GB,51.5877,-2.9984,50.77,86,100,20.49,overcast clouds
551,Belousovka,KZ,50.1339,82.5239,38.25,75,90,11.18,light rain
552,Pafos,CY,34.7667,32.4167,81.23,57,20,16.11,few clouds
553,Chimore,BO,-16.9833,-65.1333,73.08,88,100,3.98,overcast clouds
554,Franklin,US,39.9667,-83.0166,46.87,84,20,1.99,few clouds
555,Marawi,PH,7.9986,124.2928,73.65,97,100,3.98,overcast clouds
556,Urumqi,CN,43.801,87.6005,45.55,57,0,13.42,light rain
557,Marienburg,PL,54.0359,19.0266,49.05,78,32,16.35,scattered clouds
558,Riyadh,SA,24.6877,46.7219,86.14,17,0,5.79,clear sky
559,Bubaque,GW,11.2833,-15.8333,83.32,71,14,7.74,few clouds
560,Lompoc,US,34.6391,-120.4579,57.78,89,1,0.0,clear sky
561,Guilin,CN,25.2819,110.2864,62.71,94,100,3.56,overcast clouds
562,Platanos,GR,37.6667,21.6167,62.08,61,82,2.95,broken clouds
563,Kahului,US,20.8947,-156.47,77.02,83,20,0.0,few clouds
564,Tigil,RU,57.8,158.6667,10.33,94,100,2.64,overcast clouds
565,Isiro,CD,2.7739,27.616,70.95,90,100,4.29,light rain
566,Boa Vista,BR,2.8197,-60.6733,82.38,74,75,3.44,broken clouds
567,Budhlada,IN,29.9333,75.5667,86.49,20,0,10.94,clear sky
568,Kralendijk,BQ,12.15,-68.2667,78.78,83,40,8.05,scattered clouds
569,Choix,MX,26.7092,-108.3219,70.66,65,54,3.94,broken clouds
570,Nanuque,BR,-17.8392,-40.3539,70.03,94,100,6.87,light rain
571,Mutum,BR,-19.8,-41.4383,68.52,98,100,3.87,light rain
572,Ardakan,IR,32.31,54.0175,75.58,25,69,1.79,broken clouds
573,Ca Mau,VN,9.1769,105.15,85.66,72,64,10.98,broken clouds
574,Kemijarvi,FI,66.7131,27.4306,36.45,99,100,5.35,overcast clouds
575,Rock Sound,BS,24.9,-76.2,79.41,52,100,2.89,overcast clouds
576,Gushikawa,JP,26.3544,127.8686,78.8,59,1,14.97,clear sky
577,Bilma,NE,18.6853,12.9164,83.35,17,83,16.55,broken clouds
578,Yangjiang,CN,21.85,111.9667,79.95,76,73,10.69,broken clouds
579,Zelenets,RU,61.8849,50.7489,30.45,85,100,7.16,overcast clouds
580,Erzin,TR,36.9559,36.2,68.52,62,100,6.04,overcast clouds
581,Camacha,PT,33.0833,-16.3333,67.42,83,20,9.22,few clouds
582,Asbe Teferi,ET,9.0833,40.8667,70.3,57,26,3.27,light rain
583,Gotsu,JP,35.0,132.2167,68.14,66,100,7.31,overcast clouds
584,Kalmunai,LK,7.4167,81.8167,85.33,71,100,11.16,overcast clouds
585,Le Port,RE,-20.9373,55.2919,80.6,90,9,1.21,clear sky
586,Jacareacanga,BR,-6.2222,-57.7528,72.34,97,100,0.51,overcast clouds
587,Lieksa,FI,63.3167,30.0167,45.93,87,97,6.8,overcast clouds
588,Arman,RU,59.7,150.1667,13.8,55,0,3.33,clear sky
589,Nioki,CD,-2.7167,17.6833,76.62,85,100,2.24,light rain
590,Sao Domingos Do Maranhao,BR,-5.5758,-44.3853,72.01,93,100,2.82,overcast clouds
591,Altamont,US,42.2068,-121.7372,41.77,86,1,0.0,clear sky
592,Dingle,PH,10.9995,122.6711,82.96,76,31,11.01,scattered clouds
593,Channel-Port Aux Basques,CA,47.5702,-59.1367,50.49,95,100,35.59,moderate rain
594,Kaeo,NZ,-35.1,173.7833,57.33,73,79,7.11,broken clouds
595,Marsaxlokk,MT,35.8419,14.5431,70.41,88,20,8.05,few clouds
596,Gaya,IN,24.7833,85.0,84.11,37,40,11.5,haze
597,Severo-Yeniseyskiy,RU,60.3725,93.0408,12.99,84,100,11.18,overcast clouds
598,Cockburn Town,TC,21.4612,-71.1419,81.48,71,45,8.59,scattered clouds
599,Ishigaki,JP,24.3448,124.1572,77.13,73,75,14.97,broken clouds
600,Uyemskiy,RU,64.4743,40.8524,32.05,100,90,6.71,mist
601,Pangody,RU,65.85,74.4859,2.05,91,74,5.44,broken clouds
602,Diaz,PH,15.8463,120.8347,86.13,67,61,2.17,broken clouds
603,Santa Maria,BR,-29.6842,-53.8069,63.91,92,21,4.97,few clouds
604,Maniitsoq,GL,65.4167,-52.9,34.5,99,100,14.67,moderate rain
605,Byron Bay,AU,-28.65,153.6167,70.05,63,99,7.43,overcast clouds
606,Isa Khel,AF,36.6702,68.8443,63.41,35,5,3.31,clear sky
607,Antalaha,MG,-14.9003,50.2788,81.01,69,36,7.58,scattered clouds
608,Olinda,BR,-8.0089,-34.8553,80.33,69,40,4.61,scattered clouds
609,Hegra,NO,63.4644,11.114,49.91,57,0,16.11,clear sky
610,Savalou,BJ,7.9281,1.9756,79.05,75,100,7.31,overcast clouds
611,Pelym,RU,61.0108,61.9978,20.61,79,100,6.33,overcast clouds
612,Hirado,JP,33.3597,129.5531,70.95,52,69,12.21,broken clouds
613,Aginskoye,RU,51.1,114.53,37.58,54,71,5.23,broken clouds
614,Ostrogozhsk,RU,50.8664,39.0756,49.12,55,0,7.38,clear sky
615,Along,IN,28.1667,94.7667,82.06,37,6,1.19,clear sky
616,Noumea,NC,-22.2763,166.4572,69.78,77,92,15.88,overcast clouds
617,Ust-Koksa,RU,50.2696,85.6108,30.72,56,100,6.46,overcast clouds
618,Lagos,NG,6.5833,3.75,77.32,75,53,6.11,light rain
619,Kitimat,CA,54.0524,-128.6534,39.58,59,6,4.94,clear sky
620,Baoding,CN,38.8511,115.4903,57.38,56,100,5.12,overcast clouds
621,Hailar,CN,49.2,119.7,36.19,35,10,8.46,clear sky
622,Portree,GB,57.4129,-6.1942,46.53,91,100,26.53,moderate rain
623,Adwa,ET,14.1646,38.8955,74.07,39,7,19.66,clear sky
624,Santa Rosa Del Sur,CO,7.9644,-74.0544,66.92,98,100,1.59,overcast clouds
625,Lazaro Cardenas,MX,17.9583,-102.2,76.55,85,89,4.34,overcast clouds
626,Biloela,AU,-24.4167,150.5,73.83,53,81,16.31,broken clouds
627,Namtsy,RU,62.7161,129.6658,14.11,100,98,0.96,overcast clouds
628,Homer,US,59.6425,-151.5483,43.09,90,90,4.61,light rain
629,Itarema,BR,-2.9248,-39.9167,78.98,81,82,13.38,broken clouds
630,Urusha,RU,54.05,122.9,28.11,51,98,2.17,overcast clouds
631,Kashi,CN,39.4547,75.9797,56.41,26,0,4.47,clear sky
632,Zhezkazgan,KZ,47.8043,67.7144,48.94,57,97,18.77,overcast clouds
633,Oussouye,SN,12.485,-16.5469,80.69,65,45,4.5,scattered clouds
634,Bereda,ES,43.2686,-7.5406,49.75,97,25,3.94,scattered clouds
635,Lakhimpur,IN,27.95,80.7667,79.97,38,0,4.41,clear sky
636,Pemangkat,ID,1.1667,108.9667,83.84,74,78,6.69,light rain
637,Teknaf,BD,20.8624,92.3058,86.2,56,52,10.09,broken clouds
638,La Palma,US,33.8464,-118.0467,62.62,89,1,0.0,haze
639,Ranong,TH,9.9658,98.6348,82.33,72,100,4.45,moderate rain
640,Rangoon,MM,16.8053,96.1561,89.56,66,40,4.61,scattered clouds
641,Aksarka,RU,66.5606,67.7975,10.29,94,97,7.61,overcast clouds
642,Skjervoy,NO,70.0311,20.9714,41.18,78,100,15.39,overcast clouds
643,Changping,CN,40.2186,116.2197,53.24,62,23,4.0,few clouds
644,Lakes Entrance,AU,-37.8811,147.981,70.57,70,0,9.37,clear sky
645,Witu,KE,-2.3889,40.4382,84.36,54,76,10.31,broken clouds
646,Touros,BR,-5.1989,-35.4608,79.7,75,68,14.16,broken clouds
647,Sabaudia,IT,41.3003,13.0282,65.55,84,100,18.07,overcast clouds
648,Nanton,CA,50.3501,-113.7687,13.35,83,2,4.07,clear sky
649,Luau,AO,-10.7073,22.2247,82.62,51,100,4.7,overcast clouds
650,Tual,ID,-5.6667,132.75,84.45,69,77,9.98,broken clouds
651,Souillac,MU,-20.5167,57.5167,80.37,69,75,11.5,broken clouds
652,Rawson,AR,-43.3002,-65.1023,46.72,81,66,12.71,broken clouds
653,Ambovombe,MG,-25.1667,46.0833,83.32,54,63,2.26,light rain
654,Panguipulli,CL,-39.6333,-72.3333,47.91,98,81,0.94,broken clouds
655,Ternate,ID,0.8,127.4,82.94,75,99,5.1,overcast clouds
656,Devonport,AU,-41.1667,146.35,61.99,60,40,10.31,scattered clouds
657,Deputatskiy,RU,69.3,139.9,3.09,94,100,2.01,overcast clouds
658,Watsa,CD,3.0372,29.5355,77.72,69,100,2.26,light rain
659,Mastic Beach,US,40.7668,-72.8521,56.17,84,1,1.01,clear sky
660,Skibbereen,IE,51.55,-9.2667,44.4,82,51,12.86,light rain
661,Aasiaat,GL,68.7098,-52.8699,31.73,92,100,15.17,light snow
662,Key Largo,US,25.0865,-80.4473,73.98,66,65,6.82,broken clouds
663,Goderich,CA,43.7501,-81.7165,47.91,57,98,20.71,overcast clouds
664,Bintulu,MY,3.1667,113.0333,88.21,74,40,5.99,scattered clouds
665,Noyabrsk,RU,63.1994,75.4507,5.77,87,9,12.24,clear sky
666,Harqalah,TN,36.0303,10.509,71.46,73,0,3.44,clear sky
667,Chimoio,MZ,-19.1164,33.4833,75.06,60,40,4.61,scattered clouds
668,Bogo,PH,11.0517,124.0055,83.59,75,97,8.81,overcast clouds
669,Teguldet,RU,57.3064,88.1667,23.13,54,100,9.55,overcast clouds
670,Watertown,US,42.3709,-71.1828,54.25,86,1,1.99,clear sky
671,Laje,BR,-10.1833,-40.9667,68.95,82,75,6.22,broken clouds
672,Manzanillo,CU,20.3433,-77.1167,73.56,92,83,6.24,broken clouds
673,Jalu,LY,29.0331,21.5482,71.67,64,55,5.61,broken clouds
674,Muli,MV,2.9167,73.5667,83.64,74,100,19.64,overcast clouds
675,Praia Da Vitoria,PT,38.7333,-27.0667,71.85,88,75,5.28,broken clouds
676,Baracoa,CU,20.3467,-74.4958,75.88,89,24,2.19,few clouds
677,Nyurba,RU,63.2842,118.3319,18.36,93,100,3.36,overcast clouds
678,Dubuque,US,42.4833,-90.8668,35.49,71,1,6.91,clear sky
679,Halifax,CA,44.6453,-63.5724,57.2,95,35,9.22,scattered clouds
680,Kollam,IN,8.8833,76.6,82.27,89,100,5.57,light rain
681,Mizdah,LY,31.4451,12.9801,72.61,27,5,14.5,clear sky
682,Mahanoro,MG,-19.9,48.8,82.85,65,11,12.82,few clouds
683,Porto Novo,BJ,6.4965,2.6036,78.62,75,94,8.1,light rain
684,Tucuman,AR,-26.8241,-65.2226,66.2,94,90,10.36,mist
685,Timizart,DZ,36.8,4.2667,72.55,58,94,7.25,overcast clouds
686,Ucluelet,CA,48.9329,-125.5528,34.09,54,0,10.18,clear sky
687,Medea,DZ,36.2642,2.7539,63.05,72,94,13.49,overcast clouds
688,Kudahuvadhoo,MV,2.6708,72.8944,83.46,74,100,20.8,overcast clouds
689,Alekseyevka,RU,50.6309,38.6903,48.83,59,0,7.81,clear sky
690,Rorvik,NO,64.8621,11.2373,48.31,66,0,16.11,clear sky
691,Nova Petropolis,BR,-29.3764,-51.1144,61.27,97,13,3.36,few clouds
692,Matay,EG,28.419,30.7792,82.47,22,0,7.02,clear sky
693,Okha,RU,53.5739,142.9478,25.9,75,18,7.99,few clouds
694,Clarence Town,AU,-32.5833,151.7833,69.82,65,100,10.2,overcast clouds
695,Great Falls,US,47.5002,-111.3008,25.92,78,1,5.75,clear sky
696,Chagoda,RU,59.164,35.3285,43.68,87,96,5.41,overcast clouds
